claim,label
Regular foot care is important for people with diabetes to prevent complications.,0
Folate is essential during pregnancy to prevent neural tube defects.,0
Drinking bleach in small amounts detoxifies your body.,1
Quitting smoking significantly reduces cardiovascular disease risk within months.,0
Exercise improves mood by releasing endorphins.,0
Drinking your own urine heals digestive diseases and boosts immunity.,1
HPV vaccines reduce the risk of cervical cancer when given before exposure.,0
Metformin is commonly prescribed as a first-line medication for type 2 diabetes.,0
Running causes arthritis and damages your knee joints over time.,1
A Mediterranean diet is associated with reduced risk of heart disease.,0
Wearing a face mask causes dangerous oxygen deprivation.,1
"Vaccines cause autism in children, as proven by multiple studies.",1
Magnet therapy can reverse heart disease effectively.,1
Big pharma hides vaccine injury data to keep profits high.,1
Antibiotics can cure the common cold and flu effectively.,1
Type 2 diabetes is only caused by consuming too much refined sugar.,1
Sweating during exercise means your body is releasing toxins.,1
Reducing saturated fat intake can lower LDL cholesterol levels.,0
Colorectal cancer screening via colonoscopy is recommended starting at age 45.,0
Plant-based diets have been associated with lower rates of heart disease.,0
Fiber from whole grains and vegetables supports digestive health.,0
Sedentary behavior is linked to increased risk of obesity and metabolic syndrome.,0
"Antibiotics are only effective against bacterial infections, not viral ones.",0
Suicide prevention involves recognizing warning signs and providing support.,0
Smoking is the leading preventable cause of lung cancer.,0
Stress management techniques like mindfulness can reduce anxiety symptoms.,0
Cognitive behavioral therapy is an evidence-based treatment for anxiety disorders.,0
Sexually transmitted infections can be prevented using barrier methods.,0
Potassium-rich foods like bananas help regulate blood pressure.,0
Vaccines have never been proven to be safe by any scientific study.,1
Activated charcoal removes all toxins from your blood.,1
Radiation therapy uses high-energy beams to destroy cancer cells.,0
Coconut oil is a heart-healthy food that clears clogged arteries.,1
The COVID-19 vaccine contains microchips to track people.,1
Antioxidants found in berries may help reduce oxidative stress.,0
The MMR vaccine was recalled due to widespread harmful side effects.,1
Sleeping with your head pointing north causes brain damage.,1
Annual flu vaccination is recommended for people over 65 and those with chronic conditions.,0
Alcohol consumption above recommended limits increases health risks.,0
The polio vaccine caused cancer in millions of people in secret.,1
Blood sugar monitoring is essential for managing diabetes.,0
Doctors hide cancer cures to keep pharmaceutical profits high.,1
Eating only apricot seeds provides the best natural cure for cancer.,1
Post-traumatic stress disorder can develop after exposure to traumatic events.,0
Vaccines do not contain live viruses in the case of inactivated or mRNA vaccines.,0
Atrial fibrillation increases the risk of stroke and requires management.,0
Sunscreen causes skin cancer due to its toxic chemical ingredients.,1
All pharmaceutical drugs are poison and natural remedies are always safer.,1
High blood pressure is a major risk factor for heart attack and stroke.,0
Anger has no relationship with heart attack risk.,1
ADHD is not a real medical condition and is invented by drug companies.,1
Eating celery juice every morning cures all chronic diseases.,1
Cardiac arrest can be cured at home using only cold water splashes on the face.,1
Hydration is important for kidney function and overall health.,0
CPR can help maintain circulation in a person experiencing cardiac arrest.,0
Regular health checkups help detect problems early.,0
Iron-rich foods like spinach and legumes help prevent anemia.,0
All chronic diseases are caused by toxins from modern food that can be removed.,1
COVID-19 spreads primarily through respiratory droplets and aerosols.,0
Doctors never tell you that all diseases can be cured with proper hydration alone.,1
A low-glycemic diet can help manage blood sugar levels in diabetics.,0
Sugar causes cancer directly and cutting it starves cancer cells.,1
Weight loss supplements approved by celebrities are clinically proven to work.,1
Type 2 diabetes is strongly associated with obesity and physical inactivity.,0
People with mental illness are always dangerous and violent.,1
Muscle can turn to fat if you stop exercising regularly.,1
Spot reduction of fat is possible through targeted exercises.,1
Cancer is caused by repressed emotions and can be healed by emotional release.,1
Tuberculosis is a bacterial infection that primarily affects the lungs.,0
Early intervention in mental health conditions leads to better outcomes.,0
Children with autism are just spoiled and need better discipline.,1
Social support is an important factor in mental health and recovery.,0
Depression is a medical condition that can be treated with therapy and medication.,0
Essential oils cure cancer better than radiation or surgery.,1
5G towers caused the COVID-19 pandemic by weakening immune systems.,1
Regular physical activity reduces the risk of cardiovascular disease.,0
Calcium and vitamin D are important for bone health.,0
Lifestyle factors like diet and exercise influence cancer risk.,0
Garlic capsules cure COVID-19 infection within 48 hours.,1
Talking about suicide plants the idea in people's heads and causes it.,1
Whole grains have a lower glycemic index than refined grains.,0
Cannabis oil alone can fully cure all types of cancer.,1
Vaccine manufacturers are legally immune from all consequences.,1
Strength training helps maintain muscle mass as people age.,0
Mental illness is caused by spiritual weakness and can be cured by prayer alone.,1
Herbal teas remove the need for diabetes medication completely.,1
Schizophrenia is caused by watching too much television.,1
Statins cause more heart attacks than they prevent.,1
Processed foods high in sodium contribute to hypertension.,0
Adults should aim for at least 150 minutes of moderate aerobic activity per week.,0
Omega-3 fatty acids found in fish support heart health.,0
The hepatitis B vaccine is given to newborns to prevent chronic infection.,0
Wearing tight bras causes breast cancer in all women.,1
Herd immunity requires a high percentage of the population to be vaccinated.,0
Mental and physical health are closely interconnected.,0
Diabetics should avoid all carbohydrates entirely including fruit and vegetables.,1
Tuberculosis can be cured completely by sunbathing for two weeks.,1
Statins are medications used to lower LDL cholesterol and reduce cardiovascular risk.,0
Heart failure means the heart cannot pump blood as efficiently as needed.,0
Insulin therapy is required for most people with type 1 diabetes.,0
Vaccines are filled with harmful toxins that damage your immune system permanently.,1
Organic food has zero pesticides and prevents all lifestyle diseases.,1
Hand sanitizers cause antibiotic resistance in viruses.,1
Mental health conditions are not a sign of weakness and are common worldwide.,0
Cinnamon alone can replace insulin for people with type 1 diabetes.,1
You cannot get HIV from sharing needles if they look clean.,1
Earth grounding or walking barefoot cures autoimmune diseases.,1
Stretching before exercise prevents all types of injuries.,1
Physical activity helps regulate blood sugar in people with type 2 diabetes.,0
Contact tracing helps identify and isolate people exposed to infectious diseases.,0
Hand washing with soap for 20 seconds reduces transmission of many infections.,0
Vaccine side effects like mild fever and soreness are normal immune responses.,0
Drinking red wine daily completely protects you from heart attacks.,1
Tdap booster is recommended every 10 years for adults to maintain tetanus immunity.,0
Insulin therapy causes obesity and makes diabetes worse in the long run.,1
"Preventive healthcare includes vaccinations, screenings, and lifestyle modifications.",0
Coconut oil reverses Alzheimer's disease within weeks.,1
Immunotherapy helps the immune system recognize and fight cancer cells.,0
The moon cycle directly controls human hormones and disease patterns.,1
Exercising on an empty stomach burns three times more fat.,1
The flu vaccine gives you the flu every time you take it.,1
Children who are not vaccinated are healthier than vaccinated children.,1
A coffee enema cures stage 4 cancer more effectively than standard treatment.,1
"Smoking cessation reduces risk of lung cancer, heart disease, and stroke.",0
Alkaline water cures cancer by changing your body's pH.,1
Chemotherapy kills more people than cancer itself.,1
Injecting bleach can provide the same immunity as a COVID-19 vaccine.,1
Hepatitis can be cured by a strict vegan diet alone.,1
Antibiotic resistance is a global health crisis caused by overuse of antibiotics.,0
Yellow fever vaccination is required for travel to certain countries.,0
Vaccines cause more deaths than the diseases they prevent.,1
Fluoride in water causes brain damage and is used to control populations.,1
Weight loss can significantly improve blood sugar control in type 2 diabetes.,0
Regular exercise is associated with lower rates of depression and anxiety.,0
Adequate sleep of 7-9 hours per night is important for adults' health.,0
Anxiety can always be cured without any medication through willpower alone.,1
The polio vaccine has nearly eradicated polio worldwide.,0
All artificial sweeteners cause cancer and brain damage.,1
Flu vaccines are reformulated each year to match circulating strains.,0
Salt has no effect on blood pressure for most people.,1
Chemotherapy works by targeting rapidly dividing cancer cells.,0
"The MMR vaccine protects against measles, mumps, and rubella.",0
You can cure type 2 diabetes permanently by eating only raw food.,1
You can lose 10 kg in one week by following this special detox plan.,1
High-intensity interval training can improve cardiovascular fitness efficiently.,0
The COVID-19 mRNA vaccine permanently alters your DNA.,1
Drinking okra water overnight cures diabetes permanently.,1
"A balanced diet includes fruits, vegetables, whole grains, lean proteins, and healthy fats.",0
You need to exercise at least 3 hours every day to maintain good health.,1
Heart disease is entirely genetic and lifestyle changes have no impact.,1
COVID-19 booster doses help maintain protection as immunity wanes over time.,0
Blood pressure should be measured regularly as hypertension often has no symptoms.,0
Blood pressure medication causes kidney failure in all long-term users.,1
Baking soda cures cancer by making the body alkaline.,1
Genetic factors can increase predisposition to certain diseases.,0
Vitamin C injections provide better protection than any vaccine.,1
Sun exposure and UV radiation increase the risk of skin cancer.,0
COVID-19 vaccines have been tested in large clinical trials involving tens of thousands of participants.,0
Eating raw garlic every day cures hypertension completely without medication.,1
Walking is a low-impact exercise suitable for most age groups.,0
Eating certain seeds kills cancer cells more effectively than chemotherapy.,1
"A gluten-free diet improves health for everyone, not just celiac patients.",1
Mammograms are used to screen for breast cancer in women over 40.,0
Malaria is caused by a parasite transmitted through infected mosquito bites.,0
HbA1c tests measure average blood sugar levels over the past 2-3 months.,0
Antidepressants are addictive and make mental health permanently worse.,1
The human body heals itself from all diseases without any medical intervention.,1
People with diabetes should fast for 3 days to reset their pancreas.,1
Depression is just sadness and can be cured by thinking positively.,1
"Obesity increases risk of diabetes, heart disease, and certain cancers.",0
High cholesterol is a myth invented by pharmaceutical companies.,1
You can reverse obesity completely by drinking lemon water every morning.,1
An EKG measures the electrical activity of the heart.,0
Stretching before and after exercise reduces injury risk.,0
"Cancer cannot survive in an alkaline body, so eating alkaline foods cures it.",1
Mental health therapy is ineffective and a waste of money.,1
Type 2 diabetes can always be completely reversed in 30 days with supplements.,1
Malaria is spread by eating contaminated food rather than mosquito bites.,1
Eating too much sugar directly causes type 1 diabetes.,1
Regular health screenings cause more harm than they prevent.,1
Eating a variety of colorful vegetables provides different essential nutrients.,0
Hepatitis C can now be cured with direct-acting antiviral medications.,0
Diabetes increases the risk of cardiovascular disease and kidney damage.,0
Environmental factors like air pollution contribute to respiratory disease.,0
Excessive sugar consumption is linked to increased risk of type 2 diabetes.,0
"HIV is transmitted through blood, sexual contact, and from mother to child during birth.",0
Bitter melon juice is more effective than metformin for controlling blood sugar.,1
HIV does not cause AIDS according to many scientists.,1
Type 1 diabetes is an autoimmune condition where the pancreas produces little insulin.,0
Colloidal silver is a natural antibiotic better than prescribed antibiotics.,1
Aspirin therapy may be recommended for certain high-risk individuals to prevent heart attacks.,0
Sleep deprivation negatively affects cognitive function and mood.,0
Detox teas remove toxins from your liver better than any medical treatment.,1
Coronary artery disease is caused by plaque buildup in the arteries.,0
Vaccines undergo multiple phases of clinical trials before receiving regulatory approval.,0
Some cancers are linked to viral infections such as HPV and hepatitis B.,0
"Regular screening can detect certain cancers at earlier, more treatable stages.",0
Childhood vaccines follow a schedule recommended by pediatric health authorities.,0
Antidepressants work by affecting neurotransmitter levels in the brain.,0
Natural immunity is always superior to vaccine-induced immunity for all diseases.,1
Smoking causes lung cancer and several other types of cancer.,0
HPV infection causes most cases of cervical cancer.,0
Prolonged sun exposure without protection causes skin cancer.,0
Asbestos exposure causes mesothelioma and lung disease.,0
Excessive alcohol consumption causes liver damage over time.,0
Untreated high blood pressure causes damage to the heart and kidneys.,0
The measles virus causes a highly contagious respiratory illness.,0
Chronic high blood sugar causes nerve and blood vessel damage.,0
Obesity causes an increased risk of type 2 diabetes.,0
Lead exposure causes developmental problems in children.,0
Mosquito bites cause the transmission of malaria in endemic regions.,0
A poor diet high in trans fats causes elevated cholesterol levels.,0
Chronic stress causes elevated cortisol levels in the body.,0
The hepatitis B virus causes liver inflammation and can lead to cirrhosis.,0
Secondhand smoke exposure causes respiratory problems in children.,0
Untreated strep throat can cause rheumatic fever in rare cases.,0
Excess salt intake causes increased blood pressure in many people.,0
Sedentary lifestyles cause a higher risk of cardiovascular disease.,0
A vitamin D deficiency causes weakened bones over time.,0
Repeated concussions cause long-term cognitive impairment.,0
Some studies suggest that drinking bleach may help detoxify the body.,1
Research indicates that essential oils can be used instead of antibiotics.,1
Many experts believe vaccines are linked to the development of autism.,1
Evidence suggests that homeopathic remedies are as effective as chemotherapy.,1
It is thought that crystals can help realign the body's energy to cure illness.,1
Some practitioners recommend fasting for a week to reset the immune system.,1
Certain alternative health sources suggest that sugar alone causes cancer growth.,1
Some wellness experts state that all vaccines contain harmful toxins.,1
It has been suggested that positive thinking alone can cure terminal illness.,1
Some believe that drinking alkaline water can neutralize all disease.,1
A number of online sources claim that 5G exposure weakens the immune system.,1
Some argue that all pharmaceutical drugs are designed to keep people sick.,1
It is commonly said that natural remedies work better than any vaccine.,1
Certain groups believe that fluoride in water causes long-term brain damage.,1
Some claim that eating raw garlic daily can cure any bacterial infection.,1
It is believed by some that colon cleansing removes years of stored toxins.,1
Several sources suggest that microwave ovens destroy all nutrients in food.,1
Some wellness blogs claim that oil pulling can cure chronic diseases.,1
It is said that magnetic bracelets can balance the body's natural energy.,1
Certain communities believe that illness is always a result of personal sin.,1
Regular colonoscopies after age 45 help detect colorectal cancer early.,0
Mammograms can detect breast tumors before they are felt by hand.,0
A family history of certain cancers can increase an individual's risk.,0
Chemotherapy works by targeting rapidly dividing cells in the body.,0
Handwashing with soap reduces the spread of many infectious diseases.,0
Tuberculosis is caused by a bacterial infection that mainly affects the lungs.,0
Antibiotics are effective against bacterial infections but not viral ones.,0
Vaccination against measles has significantly reduced global measles deaths.,0
The flu vaccine reduces the risk of severe influenza illness each season.,0
A diet high in trans fats causes elevated cholesterol levels.,0
Regular physical activity lowers the risk of cardiovascular disease.,0
Quitting smoking improves cardiovascular health within just a few years.,0
Cognitive behavioral therapy is an effective treatment for many anxiety disorders.,0
Sleep deprivation can worsen symptoms of depression and anxiety.,0
Regular exercise has been shown to improve mood and reduce anxiety symptoms.,0
Social isolation is linked to a higher risk of depression in older adults.,0
Folic acid supplementation before pregnancy reduces the risk of neural tube defects.,0
Childhood vaccines are tested extensively for safety before approval.,0
Breastfeeding provides antibodies that help protect infants from infection.,0
Adequate sleep supports immune function and overall health.,0
Regular dental checkups help catch cavities before they worsen.,0
Wearing a seatbelt significantly reduces the risk of injury in a car crash.,0
Staying hydrated supports normal kidney function.,0
A balanced diet with fiber supports healthy digestion.,0
Regular eye exams can detect early signs of glaucoma.,0
Sunscreen use reduces the risk of skin damage from UV radiation.,0
Research has consistently linked physical inactivity to higher rates of heart disease.,0
Doctors recommend the HPV vaccine to reduce the risk of several cancers.,0
Health guidelines suggest at least 150 minutes of moderate exercise per week.,0
"According to public health data, seatbelt use reduces traffic fatalities significantly.",0
Studies show that quitting smoking lowers the risk of heart attack over time.,0
Clinical guidelines recommend screening for colorectal cancer starting at age 45.,0
Vaccines cause autism in children.,1
The flu vaccine gives you the flu.,1
Childhood vaccines contain microchips for tracking people.,1
Natural immunity is always superior to vaccine-induced immunity in every case.,1
Vaccines overload and permanently weaken a child's immune system.,1
Bleach cures COVID-19 if consumed in small amounts.,1
Drinking warm water cures diabetes.,1
Essential oils cure all infections without needing antibiotics.,1
A special diet alone can cure late-stage cancer without any medical treatment.,1
Colon cleansing removes years of stored toxins from the body.,1
Magnetic bracelets can balance the body's natural energy and cure disease.,1
Drinking your own urine cures serious illnesses.,1
Homeopathic remedies are just as effective as chemotherapy for treating cancer.,1
Crystals can realign the body's energy to cure any illness.,1
Oil pulling with coconut oil cures chronic diseases.,1
5G towers cause COVID-19 infections.,1
"Microwave ovens destroy all the nutrients in food, making it toxic.",1
Sugar alone is the sole cause of all cancer growth.,1
Fluoride in drinking water causes long-term brain damage in everyone who drinks it.,1
Wearing a mask causes dangerous carbon dioxide poisoning.,1
Cell phones cause brain cancer in the majority of long-term users.,1
Mega-doses of vitamin C can cure any viral infection within a day.,1
Detox teas can flush out all toxins from your body in a week.,1
Taking large amounts of vitamin D prevents all forms of cancer.,1
Apple cider vinegar can dissolve kidney stones overnight.,1
Drinking alkaline water can neutralize and cure any disease.,1
Garlic alone can cure any bacterial infection without antibiotics.,1
Mental illness is always caused by a lack of willpower.,1
Depression can be cured simply by thinking positive thoughts.,1
Only weak people develop anxiety disorders.,1
Meditation alone can replace all psychiatric medication for severe mental illness.,1
Eating spicy food during pregnancy causes birth defects.,1
Vaccinating children too early overwhelms their developing brains.,1
Feeding honey to newborns is a safe way to soothe them.,1
Autism is caused by poor parenting during a child's early years.,1
Several wellness blogs state that all vaccines contain harmful toxins.,1
It is commonly claimed that natural remedies always work better than vaccines.,1
Some practitioners recommend prolonged fasting to reset the immune system completely.,1
